title,price
1000 từ vựng tiếng Anh là đủ,168.000 ₫
Bộ sách 5 Cuốn Kỹ Năng Sống Dành Cho Trẻ (Bản Màu),279.000 ₫
Trên Lưng Khổng Tượng - Kinh Doanh Online Trên Sàn Thương Mại Điện Tử - Khởi Nghiệp Với Bán Hàng Qua Mạng và Nhãn Hàng Riêng,138.500 ₫
Swipe To Unlock - Gạt mở chiến lược kinh doanh ẩn sau thế giới công nghệ,169.000 ₫
Khởi Nghiệp Bán Lẻ - Bí Quyết Thành Công Và Giàu Có Bằng Những Cửa Hàng Đông Khách - Công Thức Kinh Doanh Và Quản Lý Cửa Hàng Hiệu Quả,125.000 ₫
"Thiên Tài Bên Trái, Kẻ Điên Bên Phải (Tái Bản)",120.000 ₫
Cây Cam Ngọt Của Tôi,78.400 ₫
Tâm Lý Học - Phác Họa Chân Dung Kẻ Phạm Tội,94.250 ₫
Chú Thuật Hồi Chiến - Tập 5 - Giao Lưu Trường Kết Nghĩa Kyoto [Tặng Kèm Obi Và Thẻ Bo Góc Nhựa],28.000 ₫
Tổng ôn ngữ pháp Tiếng Anh cô Trang Anh- Sách luyện thi THPT Quốc gia môn tiếng anh,181.000 ₫
Nhà Giả Kim (Tái Bản 2020),47.400 ₫
Tâm Lý Học Hành Vi (Tặng Kèm 1 Bookmark ),68.000 ₫
Thao Túng Tâm Lý,99.000 ₫
Sói Đầu Đàn Và Cún Nhỏ - Tập 2,108.000 ₫
Tâm Lý Học Về Tiền,113.000 ₫
90 Ngày Làm Chủ Cảm Xúc - Chinh Phục Hạnh Phúc Tập 3 (Tái bản 2021),206.000 ₫
"Tìm Hiểu Phong Tục, Nghi Lễ Thờ Cúng Của Người Việt & Các Bài Văn Khấn Thường Dùng",275.000 ₫
Bộ Ehon song ngữ Anh Việt 10 cuốn - Cho bé 0-6 tuổi - Bộ sách nuôi dưỡng tâm hồn bé,195.000 ₫
Đừng Cố Làm Người Tốt Trong Mắt Tất Cả Mọi Người,93.000 ₫
"Tội phạm học đương đại (tái bản lần thứ hai, có sửa đổi, bổ sung)",180.000 ₫
Những Tù Nhân Của Địa Lý,151.000 ₫
Blue Period Tập 2,45.900 ₫
Tokyo Revengers - Tập 3,97.900 ₫
Không Phải Sói Nhưng Cũng Đừng Là Cừu -Tặng kèm bookmark 2 mặt,92.160 ₫
Hành Tinh Của Một Kẻ Nghĩ Nhiều,60.100 ₫
Rèn Luyện Tư Duy Phản Biện,59.000 ₫
Giải Thích Ngữ Pháp Tiếng Anh (Với Bài Tập Và Đáp Án) (Tái Bản),141.000 ₫
Không Ai Có Thể Làm Bạn Tổn Thương Trừ Khi Bạn Cho Phép (Tặng Kèm 1 Bộ Bookmark Gồm 4 Cái),80.000 ₫
"Dear, Darling",63.000 ₫
Đại Dương Đen - Những Câu Chuyện Từ Thế Giới Của Trầm Cảm,168.000 ₫
Here U Are – Tập 2 - Bản Thường: Tặng Kèm 1 Bookmark Bế Hình,84.000 ₫
Sói Đầu Đàn Và Cún Nhỏ - Tập 1,103.000 ₫
"Nóng Giận Là Bản Năng , Tĩnh Lặng Là Bản Lĩnh",66.750 ₫
Thư Viện Nửa Đêm,109.000 ₫
Hãy Khiến Tương Lai Biết Ơn Vì Hiện Tại Bạn Đã Cố Gắng Hết Mình (Tặng Kèm: 01 Bookmark),64.350 ₫
Cherry Magic - Tập 1,87.200 ₫
Dám Bị Ghét,67.000 ₫
Yêu Những Điều Không Hoàn Hảo,104.999 ₫
Kỷ Luật Tự Giác (Tặng Kèm Bookmark ),56.000 ₫
Một Thoáng Ta Rực Rỡ Ở Nhân Gian,96.400 ₫
